{
  "epoch": 1,
  "train": {
    "cls_accuracy": 0.5476190476190477,
    "cls_confusion_matrix": [
      [
        19,
        5
      ],
      [
        14,
        4
      ]
    ],
    "cls_f1": 0.2962962962962963,
    "cls_precision": 0.4444444444444444,
    "cls_recall": 0.2222222222222222,
    "dice": 0.5573457181453705,
    "loss_total": 2.0303616523742676,
    "miou": 0.3944095107061522
  },
  "val": {
    "cls_accuracy": 0.5555555555555556,
    "cls_confusion_matrix": [
      [
        4,
        1
      ],
      [
        3,
        1
      ]
    ],
    "cls_f1": 0.3333333333333333,
    "cls_precision": 0.5,
    "cls_recall": 0.25,
    "dice": 0.5855048464404212,
    "loss_total": 2.05666446685791,
    "miou": 0.42178935143682694
  }
}